,0
0,120.0
1,193.0
2,200.0
3,164.0
4,234.0
5,201.0
6,224.0
7,163.0
8,150.0
9,215.0
10,141.0
11,233.0
12,214.0
13,214.0
14,204.0
15,183.0
16,206.0
17,134.0
18,204.0
19,198.0
20,187.0
21,190.0
22,192.0
23,233.0
24,167.0
25,107.0
26,195.0
27,184.0
28,179.0
29,192.0
30,233.0
31,202.0
32,211.0
33,183.0
34,209.0
35,191.0
36,49.0
37,185.0
38,187.0
39,208.0
40,167.0
41,228.0
42,185.0
43,184.0
44,164.0
45,124.0
46,209.0
47,187.0
48,204.0
49,229.0
50,170.0
51,206.0
52,225.0
53,211.0
54,192.0
55,233.0
56,208.0
57,168.0
58,175.0
59,194.0
60,203.0
61,164.0
62,177.0
63,155.0
64,163.0
65,195.0
66,172.0
67,196.0
68,186.0
69,220.0
70,211.0
71,179.0
72,214.0
73,190.0
74,185.0
75,209.0
76,212.0
77,169.0
78,228.0
79,155.0
80,161.0
81,162.0
82,163.0
83,172.0
84,188.0
85,193.0
86,219.0
87,177.0
88,239.0
89,191.0
90,202.0
91,187.0
92,236.0
93,180.0
94,169.0
95,201.0
96,170.0
97,212.0
98,124.0
99,187.0
100,191.0
101,111.0
102,190.0
103,194.0
104,164.0
105,185.0
106,197.0
107,234.0
108,119.0
109,191.0
110,207.0
111,199.0
112,176.0
113,171.0
114,140.0
115,209.0
116,196.0
117,222.0
118,155.0
119,199.0
120,219.0
121,159.0
122,216.0
123,199.0
124,218.0
125,222.0
126,231.0
127,176.0
128,265.0
129,223.0
130,186.0
131,167.0
132,151.0
133,198.0
134,184.0
135,201.0
136,103.0
137,180.0
138,201.0
139,204.0
140,219.0
141,215.0
142,226.0
143,216.0
144,230.0
145,165.0
146,182.0
147,131.0
148,179.0
149,194.0
150,157.0
151,203.0
152,186.0
153,209.0
154,201.0
155,185.0
156,225.0
157,175.0
158,186.0
159,181.0
160,190.0
161,219.0
162,216.0
163,113.0
164,201.0
165,198.0
166,168.0
167,166.0
168,169.0
169,169.0
170,202.0
171,211.0
172,226.0
173,179.0
174,190.0
175,177.0
176,256.0
177,205.0
178,228.0
179,159.0
180,218.0
181,162.0
182,166.0
183,232.0
184,191.0
185,199.0
186,215.0
187,206.0
188,167.0
189,108.0
190,141.0
191,203.0
192,191.0
193,220.0
194,199.0
195,150.0
196,186.0
197,193.0
198,196.0
199,161.0
200,144.0
201,172.0
202,188.0
203,179.0
204,189.0
205,213.0
206,194.0
207,159.0
208,186.0
209,145.0
210,204.0
211,214.0
212,101.0
213,208.0
214,209.0
215,192.0
216,101.0
217,235.0
218,164.0
219,242.0
220,173.0
221,199.0
222,181.0
223,221.0
224,200.0
225,192.0
226,160.0
227,197.0
228,194.0
229,224.0
230,194.0
231,212.0
232,173.0
233,178.0
234,202.0
235,212.0
236,227.0
237,163.0
238,196.0
239,178.0
240,206.0
241,187.0
242,193.0
243,192.0
244,204.0
245,208.0
246,188.0
247,213.0
248,211.0
249,181.0
250,190.0
251,198.0
252,206.0
253,218.0
254,213.0
255,120.0
256,188.0
257,98.0
258,187.0
259,217.0
260,218.0
261,219.0
262,204.0
263,212.0
264,208.0
265,218.0
266,193.0
267,184.0
268,179.0
269,202.0
270,160.0
271,173.0
272,145.0
273,226.0
274,185.0
275,204.0
276,173.0
277,180.0
278,168.0
279,153.0
280,200.0
281,254.0
282,179.0
283,211.0
284,181.0
285,211.0
286,178.0
287,255.0
288,137.0
289,170.0
290,156.0
291,204.0
292,217.0
293,181.0
294,217.0
295,205.0
296,193.0
297,159.0
298,191.0
299,175.0
300,228.0
301,229.0
302,171.0
303,209.0
304,186.0
305,184.0
306,221.0
307,207.0
308,200.0
309,219.0
310,185.0
311,245.0
312,171.0
313,198.0
314,155.0
315,182.0
316,233.0
317,245.0
318,171.0
319,185.0
320,191.0
321,173.0
322,178.0
323,205.0
324,204.0
325,181.0
326,206.0
327,194.0
328,202.0
329,200.0
330,179.0
331,141.0
332,223.0
333,240.0
334,212.0
335,209.0
336,217.0
337,185.0
338,200.0
339,190.0
340,240.0
341,182.0
342,198.0
343,177.0
344,190.0
345,203.0
346,168.0
347,183.0
348,158.0
349,205.0
350,209.0
351,246.0
352,189.0
353,209.0
354,158.0
355,216.0
356,208.0
357,214.0
358,172.0
359,210.0
360,194.0
361,227.0
362,180.0
363,208.0
364,194.0
365,187.0
366,213.0
367,200.0
368,241.0
369,219.0
370,84.0
371,223.0
372,181.0
373,143.0
374,164.0
375,237.0
376,191.0
377,201.0
378,163.0
379,195.0
380,197.0
381,166.0
382,216.0
383,127.0
384,198.0
385,186.0
386,212.0
387,207.0
388,207.0
389,164.0
390,240.0
391,219.0
392,117.0
393,220.0
394,217.0
395,181.0
396,228.0
397,190.0
398,218.0
399,194.0
400,158.0
401,197.0
402,194.0
403,224.0
404,140.0
405,221.0
406,224.0
407,195.0
408,188.0
409,171.0
410,137.0
411,195.0
412,204.0
413,174.0
414,168.0
415,187.0
416,172.0
417,160.0
418,221.0
419,161.0
420,164.0
421,204.0
422,152.0
423,179.0
424,233.0
425,179.0
426,218.0
427,132.0
428,189.0
429,157.0
430,151.0
431,214.0
432,131.0
433,183.0
434,204.0
435,177.0
436,196.0
437,184.0
438,141.0
439,151.0
440,212.0
441,175.0
442,188.0
443,166.0
444,161.0
445,181.0
446,215.0
447,193.0
448,236.0
449,249.0
450,174.0
451,159.0
452,68.0
453,139.0
454,232.0
455,197.0
456,187.0
457,191.0
458,213.0
459,168.0
460,185.0
461,186.0
462,198.0
463,155.0
464,240.0
465,126.0
466,87.0
467,208.0
468,211.0
469,232.0
470,201.0
471,204.0
472,194.0
473,107.0
474,168.0
475,187.0
476,157.0
477,175.0
478,171.0
479,157.0
480,212.0
481,181.0
482,188.0
483,147.0
484,124.0
485,204.0
486,205.0
487,219.0
488,224.0
489,183.0
490,194.0
491,201.0
492,189.0
493,207.0
494,111.0
495,203.0
496,199.0
497,151.0
498,159.0
499,128.0
500,151.0
501,206.0
502,194.0
503,180.0
504,215.0
505,169.0
506,214.0
507,207.0
508,205.0
509,176.0
510,201.0
511,225.0
512,190.0
513,176.0
514,199.0
515,247.0
516,189.0
517,162.0
518,197.0
519,165.0
520,143.0
521,247.0
522,174.0
523,235.0
524,194.0
525,120.0
526,172.0
527,122.0
528,175.0
529,203.0
530,228.0
531,163.0
532,209.0
533,160.0
534,221.0
535,137.0
536,211.0
537,220.0
538,168.0
539,203.0
540,211.0
541,228.0
542,223.0
543,106.0
544,179.0
545,185.0
546,224.0
547,189.0
548,179.0
549,169.0
550,180.0
551,125.0
552,206.0
553,198.0
554,189.0
555,90.0
556,201.0
557,209.0
558,191.0
559,212.0
560,177.0
561,141.0
562,174.0
563,207.0
564,178.0
565,228.0
566,190.0
567,187.0
568,230.0
569,191.0
570,184.0
571,182.0
572,214.0
573,181.0
574,185.0
575,194.0
576,199.0
577,211.0
578,220.0
579,200.0
580,197.0
581,221.0
582,181.0
583,191.0
584,169.0
585,207.0
586,184.0
587,177.0
588,170.0
589,195.0
590,200.0
591,217.0
592,183.0
593,143.0
594,212.0
595,201.0
596,221.0
597,190.0
598,229.0
599,171.0
600,248.0
601,171.0
602,166.0
603,219.0
604,135.0
605,181.0
606,215.0
607,198.0
608,184.0
609,159.0
610,202.0
611,241.0
612,198.0
613,216.0
614,218.0
615,219.0
616,230.0
617,133.0
618,197.0
619,215.0
620,184.0
621,112.0
622,194.0
623,205.0
624,212.0
625,175.0
626,217.0
627,204.0
628,144.0
629,175.0
630,209.0
631,222.0
632,229.0
633,159.0
634,144.0
635,155.0
636,172.0
637,128.0
638,199.0
639,196.0
640,175.0
641,192.0
642,179.0
643,177.0
644,200.0
645,180.0
646,172.0
647,219.0
648,200.0
649,158.0
650,180.0
651,157.0
652,188.0
653,176.0
654,173.0
655,213.0
656,170.0
657,220.0
658,257.0
659,193.0
660,240.0
661,182.0
662,195.0
663,197.0
664,163.0
665,178.0
666,221.0
667,188.0
668,157.0
669,233.0
670,212.0
671,208.0
672,203.0
673,185.0
674,104.0
675,190.0
676,171.0
677,205.0
678,197.0
679,217.0
680,163.0
681,222.0
682,156.0
683,169.0
684,245.0
685,235.0
686,175.0
687,229.0
688,213.0
689,161.0
690,179.0
691,203.0
692,229.0
693,217.0
694,233.0
695,182.0
696,203.0
697,197.0
698,197.0
699,208.0
700,208.0
701,177.0
702,184.0
703,195.0
704,185.0
705,192.0
706,196.0
707,203.0
708,221.0
709,158.0
710,152.0
711,163.0
712,202.0
713,141.0
714,206.0
715,215.0
716,148.0
717,182.0
718,221.0
719,179.0
720,165.0
721,194.0
722,169.0
723,212.0
724,177.0
725,214.0
726,214.0
727,180.0
728,182.0
729,147.0
730,190.0
731,218.0
732,186.0
733,213.0
734,214.0
735,189.0
736,167.0
737,216.0
738,188.0
739,209.0
740,210.0
741,170.0
742,224.0
743,189.0
744,194.0
745,195.0
746,137.0
747,165.0
748,195.0
749,148.0
750,187.0
751,211.0
752,169.0
753,221.0
754,190.0
755,213.0
756,193.0
757,210.0
758,225.0
759,184.0
760,215.0
761,172.0
762,182.0
763,191.0
764,209.0
765,199.0
766,183.0
767,186.0
768,144.0
769,166.0
770,226.0
771,228.0
772,166.0
773,194.0
774,186.0
775,142.0
776,190.0
777,191.0
778,120.0
779,170.0
780,207.0
781,210.0
782,222.0
783,168.0
784,126.0
785,171.0
786,220.0
787,181.0
788,182.0
789,209.0
790,156.0
791,134.0
792,123.0
793,214.0
794,214.0
795,215.0
796,165.0
797,195.0
798,174.0
799,222.0
800,209.0
801,169.0
802,190.0
803,256.0
804,195.0
805,179.0
806,159.0
807,215.0
808,167.0
809,226.0
810,169.0
811,207.0
812,136.0
813,186.0
814,181.0
815,166.0
816,212.0
817,232.0
818,218.0
819,130.0
820,168.0
821,191.0
822,154.0
823,203.0
824,200.0
825,167.0
826,184.0
827,222.0
828,177.0
829,172.0
830,189.0
831,194.0
832,239.0
833,204.0
834,193.0
835,160.0
836,199.0
837,154.0
838,200.0
839,183.0
840,182.0
841,214.0
842,182.0
843,195.0
844,179.0
845,175.0
846,204.0
847,201.0
848,184.0
849,189.0
850,173.0
851,211.0
852,214.0
853,177.0
854,198.0
855,159.0
856,193.0
857,224.0
858,190.0
859,182.0
860,241.0
861,174.0
862,171.0
863,182.0
864,176.0
865,215.0
866,225.0
867,200.0
868,223.0
869,212.0
870,204.0
871,213.0
872,223.0
873,199.0
874,206.0
875,167.0
876,198.0
877,188.0
878,181.0
879,152.0
880,201.0
881,224.0
882,142.0
883,153.0
884,186.0
885,156.0
886,153.0
887,154.0
888,186.0
889,174.0
890,198.0
891,170.0
892,178.0
893,204.0
894,188.0
895,217.0
896,115.0
897,224.0
898,228.0
899,105.0
900,222.0
901,215.0
902,160.0
903,187.0
904,166.0
905,151.0
906,232.0
907,157.0
908,171.0
909,219.0
910,176.0
911,204.0
912,239.0
913,229.0
914,180.0
915,221.0
916,181.0
917,212.0
918,159.0
919,153.0
920,162.0
921,213.0
922,194.0
923,157.0
924,194.0
925,228.0
926,176.0
927,186.0
928,213.0
929,181.0
930,187.0
931,147.0
932,173.0
933,188.0
934,186.0
935,177.0
936,221.0
937,102.0
938,213.0
939,156.0
940,200.0
941,174.0
942,203.0
943,215.0
944,237.0
945,215.0
946,187.0
947,169.0
948,173.0
949,137.0
950,205.0
951,217.0
952,198.0
953,229.0
954,179.0
955,196.0
956,146.0
957,228.0
958,203.0
959,213.0
960,171.0
961,143.0
962,213.0
963,165.0
964,223.0
965,145.0
966,208.0
967,201.0
968,187.0
969,205.0
970,171.0
971,172.0
972,238.0
973,199.0
974,183.0
975,222.0
976,190.0
977,169.0
978,94.0
979,193.0
980,149.0
981,206.0
982,194.0
983,220.0
984,97.0
985,175.0
986,190.0
987,136.0
988,204.0
989,158.0
990,180.0
991,203.0
992,187.0
993,205.0
994,206.0
995,214.0
996,201.0
997,188.0
998,214.0
999,176.0
1000,181.0
1001,201.0
1002,207.0
1003,204.0
1004,190.0
1005,144.0
1006,173.0
1007,214.0
1008,228.0
1009,138.0
1010,168.0
1011,206.0
1012,222.0
1013,178.0
1014,180.0
1015,156.0
1016,152.0
1017,211.0
1018,146.0
1019,176.0
1020,177.0
1021,216.0
1022,205.0
1023,139.0
1024,207.0
1025,165.0
1026,162.0
1027,182.0
1028,219.0
1029,165.0
1030,199.0
1031,78.0
1032,179.0
1033,206.0
1034,184.0
1035,210.0
1036,221.0
1037,198.0
1038,126.0
1039,110.0
1040,212.0
1041,213.0
1042,230.0
1043,193.0
1044,124.0
1045,171.0
1046,174.0
1047,175.0
1048,211.0
1049,234.0
1050,191.0
1051,123.0
1052,194.0
1053,136.0
1054,217.0
1055,165.0
1056,235.0
1057,184.0
1058,214.0
1059,198.0
1060,152.0
1061,178.0
1062,239.0
1063,194.0
1064,232.0
1065,213.0
1066,193.0
1067,200.0
1068,164.0
1069,172.0
1070,223.0
1071,224.0
1072,153.0
1073,154.0
1074,157.0
1075,189.0
1076,213.0
1077,200.0
1078,197.0
1079,177.0
1080,239.0
1081,191.0
1082,193.0
1083,212.0
1084,185.0
1085,155.0
1086,200.0
1087,213.0
1088,184.0
1089,230.0
1090,196.0
1091,217.0
1092,166.0
1093,194.0
1094,171.0
1095,135.0
1096,229.0
1097,211.0
1098,203.0
1099,199.0
1100,233.0
1101,171.0
1102,234.0
1103,236.0
1104,184.0
1105,212.0
1106,159.0
1107,208.0
1108,161.0
1109,174.0
1110,151.0
1111,218.0
1112,188.0
1113,233.0
1114,180.0
1115,208.0
1116,204.0
1117,171.0
1118,198.0
1119,195.0
1120,195.0
1121,196.0
1122,215.0
1123,151.0
1124,178.0
1125,200.0
1126,201.0
1127,229.0
1128,215.0
1129,172.0
1130,188.0
1131,206.0
1132,231.0
1133,146.0
1134,189.0
1135,178.0
1136,200.0
1137,198.0
1138,186.0
1139,207.0
1140,177.0
1141,181.0
1142,235.0
1143,200.0
1144,203.0
1145,198.0
1146,191.0
1147,197.0
1148,183.0
1149,172.0
1150,230.0
1151,159.0
1152,164.0
1153,176.0
1154,187.0
1155,122.0
1156,171.0
1157,173.0
1158,222.0
1159,182.0
1160,207.0
1161,189.0
1162,116.0
1163,64.0
1164,259.0
1165,168.0
1166,188.0
1167,235.0
1168,175.0
1169,196.0
1170,198.0
1171,200.0
1172,181.0
1173,179.0
1174,190.0
1175,199.0
1176,194.0
1177,151.0
1178,194.0
1179,201.0
1180,165.0
1181,200.0
1182,180.0
1183,220.0
1184,143.0
1185,185.0
1186,213.0
1187,197.0
1188,168.0
1189,207.0
1190,188.0
1191,207.0
1192,182.0
1193,159.0
1194,183.0
1195,196.0
1196,181.0
1197,208.0
1198,235.0
1199,209.0
1200,175.0
1201,202.0
1202,187.0
1203,164.0
1204,212.0
1205,213.0
1206,219.0
1207,198.0
1208,191.0
1209,135.0
1210,141.0
1211,197.0
1212,208.0
1213,214.0
1214,207.0
1215,196.0
1216,175.0
1217,174.0
1218,221.0
1219,188.0
1220,173.0
1221,233.0
1222,229.0
1223,217.0
1224,251.0
1225,195.0
1226,193.0
1227,167.0
1228,257.0
1229,191.0
1230,217.0
1231,191.0
1232,205.0
1233,193.0
1234,198.0
1235,199.0
1236,199.0
1237,204.0
1238,165.0
1239,202.0
1240,193.0
1241,174.0
1242,199.0
1243,151.0
1244,172.0
1245,178.0
1246,167.0
1247,207.0
1248,206.0
1249,163.0
1250,215.0
1251,184.0
1252,141.0
1253,196.0
1254,230.0
1255,232.0
1256,208.0
1257,159.0
1258,199.0
1259,199.0
1260,232.0
1261,146.0
1262,181.0
1263,186.0
1264,197.0
1265,216.0
1266,182.0
1267,215.0
1268,239.0
1269,172.0
1270,203.0
1271,149.0
1272,115.0
1273,188.0
1274,207.0
1275,231.0
1276,177.0
1277,106.0
1278,210.0
1279,201.0
1280,213.0
1281,179.0
1282,196.0
1283,219.0
1284,196.0
1285,218.0
1286,196.0
1287,216.0
1288,163.0
1289,197.0
1290,214.0
1291,235.0
1292,177.0
1293,160.0
1294,172.0
1295,229.0
1296,199.0
1297,161.0
1298,145.0
1299,209.0
1300,178.0
1301,227.0
1302,147.0
1303,217.0
1304,231.0
1305,206.0
1306,229.0
1307,157.0
1308,218.0
1309,223.0
1310,189.0
1311,242.0
1312,181.0
1313,182.0
1314,159.0
1315,209.0
1316,189.0
1317,145.0
1318,158.0
1319,149.0
1320,156.0
1321,182.0
1322,158.0
1323,125.0
1324,166.0
1325,185.0
1326,152.0
1327,144.0
1328,140.0
1329,179.0
1330,240.0
1331,159.0
1332,190.0
1333,101.0
1334,207.0
1335,205.0
1336,217.0
1337,187.0
1338,224.0
1339,207.0
1340,191.0
1341,219.0
1342,226.0
1343,200.0
1344,170.0
1345,176.0
1346,123.0
1347,179.0
1348,157.0
1349,110.0
1350,181.0
1351,220.0
1352,133.0
1353,203.0
1354,155.0
1355,194.0
1356,128.0
1357,168.0
1358,165.0
1359,229.0
1360,147.0
1361,208.0
1362,166.0
1363,157.0
1364,154.0
1365,202.0
1366,192.0
1367,196.0
1368,212.0
1369,198.0
1370,194.0
1371,160.0
1372,161.0
1373,205.0
1374,195.0
1375,181.0
1376,170.0
1377,153.0
1378,236.0
1379,169.0
1380,165.0
1381,194.0
1382,189.0
1383,241.0
1384,183.0
1385,234.0
1386,217.0
1387,198.0
1388,189.0
1389,206.0
1390,181.0
1391,202.0
1392,197.0
1393,174.0
1394,197.0
1395,256.0
1396,219.0
1397,180.0
1398,176.0
1399,199.0
1400,179.0
1401,181.0
1402,195.0
1403,214.0
1404,201.0
1405,92.0
1406,201.0
1407,194.0
1408,184.0
1409,185.0
1410,188.0
1411,211.0
1412,266.0
1413,152.0
1414,203.0
1415,92.0
1416,162.0
1417,110.0
1418,194.0
1419,119.0
1420,171.0
1421,193.0
1422,205.0
1423,198.0
1424,206.0
1425,176.0
1426,233.0
1427,187.0
1428,144.0
1429,186.0
1430,210.0
1431,178.0
1432,191.0
1433,192.0
1434,205.0
1435,186.0
1436,219.0
1437,168.0
1438,133.0
1439,200.0
1440,167.0
1441,199.0
1442,209.0
1443,196.0
1444,171.0
1445,201.0
1446,148.0
1447,174.0
1448,114.0
1449,213.0
1450,204.0
1451,191.0
1452,164.0
1453,218.0
1454,203.0
1455,206.0
1456,214.0
1457,173.0
1458,212.0
1459,222.0
1460,223.0
1461,213.0
1462,187.0
1463,207.0
1464,210.0
1465,222.0
1466,168.0
1467,182.0
1468,166.0
1469,193.0
1470,221.0
1471,188.0
1472,177.0
1473,256.0
1474,167.0
1475,133.0
1476,210.0
1477,199.0
1478,206.0
1479,163.0
1480,190.0
1481,194.0
1482,228.0
1483,160.0
1484,258.0
1485,218.0
1486,146.0
1487,185.0
1488,163.0
1489,177.0
1490,166.0
1491,203.0
1492,168.0
1493,156.0
1494,190.0
1495,193.0
1496,196.0
1497,200.0
1498,204.0
1499,220.0
1500,211.0
1501,222.0
1502,205.0
1503,232.0
1504,178.0
1505,207.0
1506,169.0
1507,217.0
1508,239.0
1509,254.0
1510,180.0
1511,212.0
1512,193.0
1513,167.0
1514,193.0
1515,196.0
1516,195.0
1517,234.0
1518,224.0
1519,185.0
1520,108.0
1521,228.0
1522,172.0
1523,128.0
1524,219.0
1525,169.0
1526,160.0
1527,189.0
1528,175.0
1529,221.0
1530,229.0
1531,155.0
1532,203.0
1533,251.0
1534,199.0
1535,211.0
1536,207.0
1537,207.0
1538,164.0
1539,200.0
1540,176.0
1541,150.0
1542,135.0
1543,193.0
1544,198.0
1545,159.0
1546,193.0
1547,188.0
1548,195.0
1549,169.0
1550,175.0
1551,204.0
1552,168.0
1553,238.0
1554,220.0
1555,219.0
1556,189.0
1557,186.0
1558,222.0
1559,216.0
1560,235.0
1561,126.0
1562,191.0
1563,207.0
1564,184.0
1565,185.0
1566,211.0
1567,222.0
1568,183.0
1569,234.0
1570,183.0
1571,164.0
1572,131.0
1573,151.0
1574,215.0
1575,202.0
1576,211.0
1577,168.0
1578,148.0
1579,188.0
1580,156.0
1581,155.0
1582,185.0
1583,227.0
1584,205.0
1585,198.0
1586,184.0
1587,197.0
1588,200.0
1589,191.0
1590,243.0
1591,201.0
1592,196.0
1593,192.0
1594,254.0
1595,214.0
1596,233.0
1597,138.0
1598,248.0
1599,178.0
1600,206.0
1601,210.0
1602,188.0
1603,155.0
1604,129.0
1605,220.0
1606,174.0
1607,93.0
1608,186.0
1609,186.0
1610,216.0
1611,230.0
1612,228.0
1613,151.0
1614,167.0
1615,179.0
1616,174.0
1617,188.0
1618,235.0
1619,173.0
1620,96.0
1621,204.0
1622,152.0
1623,186.0
1624,241.0
1625,188.0
1626,181.0
1627,196.0
1628,218.0
1629,189.0
1630,104.0
1631,170.0
1632,238.0
1633,201.0
1634,209.0
1635,219.0
1636,178.0
1637,187.0
1638,131.0
1639,156.0
1640,197.0
1641,203.0
1642,201.0
1643,218.0
1644,204.0
1645,181.0
1646,138.0
1647,121.0
1648,212.0
1649,166.0
1650,236.0
1651,207.0
1652,221.0
1653,223.0
1654,231.0
1655,167.0
1656,189.0
1657,237.0
1658,182.0
1659,232.0
1660,207.0
1661,193.0
1662,142.0
1663,148.0
1664,220.0
1665,178.0
1666,201.0
1667,205.0
1668,186.0
1669,210.0
1670,160.0
1671,181.0
1672,190.0
1673,174.0
1674,188.0
1675,226.0
1676,207.0
1677,180.0
1678,214.0
1679,202.0
1680,223.0
1681,197.0
1682,189.0
1683,211.0
1684,202.0
1685,174.0
1686,192.0
1687,118.0
1688,178.0
1689,184.0
1690,181.0
1691,190.0
1692,242.0
1693,212.0
1694,193.0
1695,180.0
1696,157.0
1697,131.0
1698,133.0
1699,196.0
1700,175.0
1701,251.0
1702,226.0
1703,179.0
1704,214.0
1705,156.0
1706,221.0
1707,176.0
1708,210.0
1709,189.0
1710,209.0
1711,192.0
1712,190.0
1713,242.0
1714,190.0
1715,170.0
1716,186.0
1717,151.0
1718,239.0
1719,204.0
1720,192.0
1721,200.0
1722,174.0
1723,208.0
1724,175.0
1725,192.0
1726,238.0
1727,170.0
1728,198.0
1729,240.0
1730,196.0
1731,224.0
1732,145.0
1733,192.0
1734,145.0
1735,215.0
1736,228.0
1737,196.0
1738,194.0
1739,167.0
1740,182.0
1741,166.0
1742,166.0
1743,127.0
1744,174.0
1745,100.0
1746,196.0
1747,199.0
1748,115.0
1749,162.0
1750,73.0
1751,190.0
1752,189.0
1753,203.0
1754,186.0
1755,156.0
1756,142.0
1757,219.0
1758,212.0
1759,218.0
1760,207.0
1761,187.0
1762,192.0
1763,195.0
1764,172.0
1765,204.0
1766,226.0
1767,177.0
1768,213.0
1769,175.0
1770,254.0
1771,174.0
1772,131.0
1773,204.0
1774,169.0
1775,182.0
1776,214.0
1777,224.0
1778,249.0
1779,225.0
1780,191.0
1781,154.0
1782,210.0
1783,182.0
1784,172.0
1785,182.0
1786,197.0
1787,206.0
1788,206.0
1789,92.0
1790,194.0
1791,166.0
1792,211.0
1793,198.0
1794,208.0
1795,230.0
1796,212.0
1797,188.0
1798,205.0
1799,167.0
1800,231.0
1801,192.0
1802,220.0
1803,189.0
1804,209.0
1805,200.0
1806,154.0
1807,164.0
1808,190.0
1809,123.0
1810,195.0
1811,210.0
1812,215.0
1813,138.0
1814,186.0
1815,183.0
1816,233.0
1817,234.0
1818,203.0
1819,184.0
1820,198.0
1821,199.0
1822,172.0
1823,193.0
1824,233.0
1825,207.0
1826,212.0
1827,210.0
1828,157.0
1829,207.0
1830,179.0
1831,174.0
1832,244.0
1833,174.0
1834,244.0
1835,177.0
1836,222.0
1837,188.0
1838,244.0
1839,169.0
1840,216.0
1841,168.0
1842,242.0
1843,182.0
1844,174.0
1845,176.0
1846,181.0
1847,212.0
1848,176.0
1849,164.0
1850,218.0
1851,232.0
1852,230.0
1853,213.0
1854,197.0
1855,205.0
1856,178.0
1857,201.0
1858,183.0
1859,171.0
1860,195.0
1861,218.0
1862,174.0
1863,180.0
1864,187.0
1865,179.0
1866,206.0
1867,182.0
1868,207.0
1869,116.0
1870,163.0
1871,135.0
1872,181.0
1873,193.0
1874,174.0
1875,233.0
1876,180.0
1877,179.0
1878,176.0
1879,182.0
1880,164.0
1881,218.0
1882,227.0
1883,139.0
1884,164.0
1885,212.0
1886,216.0
1887,191.0
1888,112.0
1889,210.0
1890,91.0
1891,188.0
1892,189.0
1893,146.0
1894,189.0
1895,201.0
1896,200.0
1897,232.0
1898,128.0
1899,211.0
1900,176.0
1901,110.0
1902,214.0
1903,211.0
1904,229.0
1905,215.0
1906,201.0
1907,197.0
1908,208.0
1909,208.0
1910,201.0
1911,182.0
1912,199.0
1913,219.0
1914,181.0
1915,229.0
1916,222.0
1917,162.0
1918,191.0
1919,204.0
1920,221.0
1921,216.0
1922,226.0
1923,212.0
1924,139.0
1925,155.0
1926,170.0
1927,132.0
1928,203.0
1929,243.0
1930,188.0
1931,221.0
1932,199.0
1933,202.0
1934,184.0
1935,230.0
1936,213.0
1937,180.0
1938,167.0
1939,197.0
1940,185.0
1941,225.0
1942,187.0
1943,190.0
1944,234.0
1945,203.0
1946,105.0
1947,204.0
1948,164.0
1949,142.0
1950,125.0
1951,233.0
1952,200.0
1953,207.0
1954,221.0
1955,193.0
1956,220.0
1957,176.0
1958,172.0
1959,187.0
1960,186.0
1961,231.0
1962,230.0
1963,181.0
1964,181.0
1965,219.0
1966,162.0
1967,173.0
1968,182.0
1969,167.0
1970,193.0
1971,196.0
1972,106.0
1973,196.0
1974,165.0
1975,188.0
1976,224.0
1977,200.0
1978,212.0
1979,158.0
1980,189.0
1981,210.0
1982,182.0
1983,230.0
1984,154.0
1985,224.0
1986,192.0
1987,191.0
1988,210.0
1989,169.0
1990,187.0
1991,169.0
1992,160.0
1993,231.0
1994,210.0
1995,119.0
1996,204.0
1997,175.0
1998,188.0
1999,223.0
2000,188.0
2001,208.0
2002,217.0
2003,199.0
2004,191.0
2005,188.0
2006,171.0
2007,173.0
2008,205.0
2009,232.0
2010,201.0
2011,212.0
2012,201.0
2013,196.0
2014,178.0
2015,202.0
2016,240.0
2017,210.0
2018,146.0
2019,167.0
2020,167.0
2021,168.0
2022,228.0
2023,183.0
2024,77.0
2025,144.0
2026,191.0
2027,192.0
2028,139.0
2029,242.0
2030,236.0
2031,190.0
2032,216.0
2033,204.0
2034,147.0
2035,195.0
2036,208.0
2037,193.0
2038,191.0
2039,184.0
2040,184.0
2041,157.0
2042,195.0
2043,170.0
2044,222.0
2045,140.0
2046,180.0
2047,200.0
2048,167.0
2049,167.0
2050,170.0
2051,212.0
2052,187.0
2053,185.0
2054,187.0
2055,143.0
2056,114.0
2057,208.0
2058,163.0
2059,127.0
2060,198.0
2061,206.0
2062,168.0
2063,203.0
2064,177.0
2065,184.0
2066,221.0
2067,215.0
2068,229.0
2069,168.0
2070,211.0
2071,182.0
2072,185.0
2073,200.0
2074,164.0
2075,221.0
2076,252.0
2077,197.0
2078,253.0
2079,148.0
2080,201.0
2081,242.0
2082,172.0
2083,193.0
2084,198.0
2085,211.0
2086,218.0
2087,175.0
2088,212.0
2089,162.0
2090,207.0
2091,168.0
2092,212.0
2093,173.0
2094,177.0
2095,205.0
2096,203.0
2097,212.0
2098,159.0
2099,193.0
2100,193.0
2101,189.0
2102,157.0
2103,165.0
2104,155.0
2105,209.0
2106,210.0
2107,206.0
2108,239.0
2109,213.0
2110,175.0
2111,234.0
2112,164.0
2113,228.0
2114,204.0
2115,149.0
2116,186.0
2117,163.0
2118,197.0
2119,198.0
2120,222.0
2121,194.0
2122,199.0
2123,132.0
2124,251.0
2125,186.0
2126,229.0
2127,114.0
2128,184.0
2129,246.0
2130,214.0
2131,151.0
2132,207.0
2133,216.0
2134,145.0
2135,201.0
2136,193.0
2137,182.0
2138,182.0
2139,174.0
2140,185.0
2141,197.0
2142,182.0
2143,193.0
2144,102.0
2145,232.0
2146,189.0
2147,219.0
2148,175.0
2149,176.0
2150,204.0
2151,182.0
2152,188.0
2153,207.0
2154,169.0
2155,199.0
2156,174.0
2157,200.0
2158,208.0
2159,159.0
2160,233.0
2161,165.0
2162,190.0
2163,208.0
2164,166.0
2165,203.0
2166,205.0
2167,167.0
2168,194.0
2169,160.0
2170,203.0
2171,133.0
2172,188.0
2173,227.0
2174,184.0
2175,259.0
2176,188.0
2177,191.0
2178,169.0
2179,169.0
2180,195.0
2181,266.0
2182,160.0
2183,221.0
2184,183.0
2185,181.0
2186,220.0
2187,190.0
2188,141.0
2189,189.0
2190,159.0
2191,145.0
2192,191.0
2193,179.0
2194,175.0
2195,199.0
2196,200.0
2197,205.0
2198,196.0
2199,172.0
2200,191.0
2201,191.0
2202,115.0
2203,158.0
2204,119.0
2205,183.0
2206,147.0
2207,179.0
2208,164.0
2209,206.0
2210,244.0
2211,218.0
2212,163.0
2213,179.0
2214,179.0
2215,182.0
2216,164.0
2217,204.0
2218,192.0
2219,186.0
2220,215.0
2221,183.0
2222,111.0
2223,181.0
2224,215.0
2225,203.0
2226,208.0
2227,175.0
2228,148.0
2229,192.0
2230,163.0
2231,199.0
2232,165.0
2233,214.0
2234,178.0
2235,241.0
2236,204.0
2237,198.0
2238,204.0
2239,189.0
2240,189.0
2241,140.0
2242,196.0
2243,178.0
2244,216.0
2245,197.0
2246,207.0
2247,184.0
2248,152.0
2249,168.0
2250,206.0
2251,179.0
2252,185.0
2253,169.0
2254,198.0
2255,164.0
2256,172.0
2257,204.0
2258,218.0
2259,193.0
2260,209.0
2261,111.0
2262,190.0
2263,188.0
2264,198.0
2265,197.0
2266,204.0
2267,204.0
2268,217.0
2269,220.0
2270,187.0
2271,215.0
2272,227.0
2273,190.0
2274,209.0
2275,116.0
2276,165.0
2277,197.0
2278,132.0
2279,206.0
2280,202.0
2281,119.0
2282,189.0
2283,240.0
2284,211.0
2285,215.0
2286,74.0
2287,202.0
2288,147.0
2289,196.0
2290,241.0
2291,154.0
2292,192.0
2293,164.0
2294,137.0
2295,195.0
2296,173.0
2297,181.0
2298,206.0
2299,197.0
2300,165.0
2301,210.0
2302,187.0
2303,173.0
2304,137.0
2305,162.0
2306,209.0
2307,169.0
2308,224.0
2309,140.0
2310,221.0
2311,185.0
2312,202.0
2313,213.0
2314,214.0
2315,154.0
2316,212.0
2317,204.0
2318,185.0
2319,182.0
2320,217.0
2321,152.0
2322,113.0
2323,241.0
2324,194.0
2325,151.0
2326,142.0
2327,194.0
2328,179.0
2329,148.0
2330,219.0
2331,172.0
2332,179.0
2333,141.0
2334,194.0
2335,140.0
2336,181.0
2337,217.0
2338,166.0
2339,190.0
2340,219.0
2341,172.0
2342,163.0
2343,164.0
2344,214.0
2345,244.0
2346,182.0
2347,210.0
2348,190.0
2349,204.0
2350,201.0
2351,183.0
2352,128.0
2353,212.0
2354,210.0
2355,226.0
2356,164.0
2357,136.0
2358,205.0
2359,149.0
2360,204.0
2361,78.0
2362,127.0
2363,187.0
2364,218.0
2365,209.0
2366,191.0
2367,153.0
2368,159.0
2369,162.0
2370,193.0
2371,201.0
2372,202.0
2373,148.0
2374,195.0
2375,241.0
2376,170.0
2377,189.0
2378,164.0
2379,140.0
2380,216.0
2381,204.0
2382,214.0
2383,143.0
2384,165.0
2385,201.0
2386,175.0
2387,233.0
2388,199.0
2389,196.0
2390,127.0
2391,198.0
2392,133.0
2393,197.0
2394,228.0
2395,212.0
2396,204.0
2397,171.0
2398,213.0
2399,123.0
2400,214.0
2401,138.0
2402,207.0
2403,211.0
2404,179.0
2405,198.0
2406,205.0
2407,185.0
2408,228.0
2409,213.0
2410,201.0
2411,224.0
2412,200.0
2413,195.0
2414,195.0
2415,165.0
2416,211.0
2417,176.0
2418,196.0
2419,242.0
2420,222.0
2421,228.0
2422,183.0
2423,196.0
2424,205.0
2425,238.0
2426,190.0
2427,199.0
2428,229.0
2429,187.0
2430,190.0
2431,184.0
2432,181.0
2433,154.0
2434,215.0
2435,189.0
2436,178.0
2437,201.0
2438,178.0
2439,207.0
2440,215.0
2441,185.0
2442,176.0
2443,210.0
2444,145.0
2445,150.0
2446,220.0
2447,226.0
2448,196.0
2449,222.0
2450,186.0
2451,169.0
2452,194.0
2453,213.0
2454,115.0
2455,201.0
2456,208.0
2457,187.0
2458,166.0
2459,205.0
2460,168.0
2461,199.0
2462,170.0
2463,211.0
2464,147.0
2465,188.0
2466,204.0
2467,237.0
2468,190.0
2469,186.0
2470,194.0
2471,174.0
2472,142.0
2473,187.0
2474,194.0
2475,194.0
2476,190.0
2477,237.0
2478,209.0
2479,232.0
2480,209.0
2481,104.0
2482,227.0
2483,176.0
2484,195.0
2485,211.0
2486,242.0
2487,261.0
2488,198.0
2489,142.0
2490,186.0
2491,204.0
2492,199.0
2493,215.0
2494,123.0
2495,181.0
2496,175.0
2497,181.0
2498,217.0
2499,201.0
2500,145.0
2501,175.0
2502,187.0
2503,215.0
2504,221.0
2505,162.0
2506,160.0
2507,251.0
2508,175.0
2509,191.0
2510,187.0
2511,174.0
2512,173.0
2513,172.0
2514,201.0
2515,195.0
2516,162.0
2517,208.0
2518,189.0
2519,169.0
2520,216.0
2521,104.0
2522,219.0
2523,163.0
2524,188.0
2525,198.0
2526,222.0
2527,217.0
2528,208.0
2529,207.0
2530,211.0
2531,179.0
2532,206.0
2533,217.0
2534,255.0
2535,184.0
2536,246.0
2537,172.0
2538,249.0
2539,170.0
2540,202.0
2541,204.0
2542,166.0
2543,211.0
2544,235.0
2545,215.0
2546,205.0
2547,167.0
2548,187.0
2549,199.0
2550,225.0
2551,228.0
2552,201.0
2553,189.0
2554,177.0
2555,220.0
2556,191.0
2557,186.0
2558,157.0
2559,214.0
2560,157.0
2561,154.0
2562,201.0
2563,218.0
2564,241.0
2565,161.0
2566,189.0
2567,198.0
2568,162.0
2569,184.0
2570,194.0
2571,145.0
2572,212.0
2573,124.0
2574,170.0
2575,214.0
2576,200.0
2577,182.0
2578,212.0
2579,181.0
2580,170.0
2581,161.0
2582,208.0
2583,175.0
2584,202.0
2585,166.0
2586,182.0
2587,221.0
2588,177.0
2589,157.0
2590,221.0
2591,195.0
2592,197.0
2593,207.0
2594,167.0
2595,189.0
2596,180.0
2597,126.0
2598,198.0
2599,212.0
2600,245.0
2601,162.0
2602,200.0
2603,219.0
2604,190.0
2605,180.0
2606,178.0
2607,222.0
2608,141.0
2609,184.0
2610,184.0
2611,187.0
2612,229.0
2613,190.0
2614,160.0
2615,200.0
2616,193.0
2617,165.0
2618,194.0
2619,199.0
2620,203.0
2621,169.0
2622,173.0
2623,170.0
2624,208.0
2625,112.0
2626,172.0
2627,199.0
2628,162.0
2629,147.0
2630,173.0
2631,155.0
2632,144.0
2633,192.0
2634,200.0
2635,226.0
2636,222.0
2637,139.0
2638,162.0
2639,189.0
2640,194.0
2641,173.0
2642,153.0
2643,160.0
2644,214.0
2645,181.0
2646,171.0
2647,228.0
2648,228.0
2649,201.0
2650,103.0
2651,161.0
2652,213.0
2653,188.0
2654,220.0
2655,156.0
2656,203.0
2657,203.0
2658,121.0
2659,196.0
2660,234.0
2661,187.0
2662,188.0
2663,198.0
2664,194.0
2665,185.0
2666,201.0
2667,212.0
2668,226.0
2669,127.0
2670,202.0
2671,220.0
2672,178.0
2673,207.0
2674,188.0
2675,183.0
2676,200.0
2677,178.0
2678,165.0
2679,175.0
2680,141.0
2681,255.0
2682,184.0
2683,164.0
2684,216.0
2685,175.0
2686,181.0
2687,190.0
2688,168.0
2689,203.0
2690,210.0
2691,206.0
2692,204.0
2693,207.0
2694,208.0
2695,183.0
2696,198.0
2697,201.0
2698,264.0
2699,168.0
2700,215.0
2701,187.0
2702,231.0
2703,205.0
2704,204.0
2705,151.0
2706,174.0
2707,134.0
2708,140.0
2709,165.0
2710,176.0
2711,171.0
2712,228.0
2713,212.0
2714,203.0
2715,225.0
2716,220.0
2717,259.0
2718,166.0
2719,164.0
2720,191.0
2721,169.0
2722,161.0
2723,185.0
2724,207.0
2725,179.0
2726,193.0
2727,182.0
2728,178.0
2729,253.0
2730,174.0
2731,195.0
2732,215.0
2733,232.0
2734,188.0
2735,173.0
2736,200.0
2737,206.0
2738,139.0
2739,165.0
2740,203.0
2741,153.0
2742,189.0
2743,251.0
2744,141.0
2745,168.0
2746,234.0
2747,215.0
2748,191.0
2749,159.0
2750,170.0
2751,159.0
2752,170.0
2753,180.0
2754,221.0
2755,98.0
2756,216.0
2757,179.0
2758,176.0
2759,162.0
2760,161.0
2761,151.0
2762,168.0
2763,212.0
2764,185.0
2765,188.0
2766,157.0
2767,204.0
2768,188.0
2769,172.0
2770,213.0
2771,89.0
2772,170.0
2773,202.0
2774,222.0
2775,173.0
2776,214.0
2777,164.0
2778,238.0
2779,202.0
2780,192.0
2781,195.0
2782,163.0
2783,183.0
2784,219.0
2785,199.0
2786,210.0
2787,209.0
2788,194.0
2789,150.0
2790,223.0
2791,190.0
2792,209.0
2793,183.0
2794,152.0
2795,143.0
2796,179.0
2797,216.0
2798,256.0
2799,203.0
2800,201.0
2801,182.0
2802,167.0
2803,152.0
2804,184.0
2805,194.0
2806,206.0
2807,189.0
2808,206.0
2809,142.0
2810,224.0
2811,218.0
2812,202.0
2813,210.0
2814,242.0
2815,140.0
2816,200.0
2817,204.0
2818,200.0
2819,181.0
2820,168.0
2821,168.0
2822,134.0
2823,201.0
2824,148.0
2825,190.0
2826,111.0
2827,203.0
2828,125.0
2829,162.0
2830,200.0
2831,229.0
2832,161.0
2833,156.0
2834,182.0
2835,136.0
2836,214.0
2837,230.0
2838,201.0
2839,198.0
2840,154.0
2841,133.0
2842,170.0
2843,153.0
2844,201.0
2845,240.0
2846,224.0
2847,170.0
2848,207.0
2849,183.0
2850,186.0
2851,183.0
2852,196.0
2853,145.0
2854,171.0
2855,228.0
2856,202.0
2857,205.0
2858,199.0
2859,226.0
2860,184.0
2861,142.0
2862,155.0
2863,184.0
2864,212.0
2865,222.0
2866,196.0
2867,143.0
2868,174.0
2869,215.0
2870,170.0
2871,201.0
2872,169.0
2873,147.0
2874,218.0
2875,183.0
2876,214.0
2877,195.0
2878,237.0
2879,146.0
2880,159.0
2881,217.0
2882,175.0
2883,133.0
2884,206.0
2885,167.0
2886,181.0
2887,173.0
2888,207.0
2889,209.0
2890,207.0
2891,186.0
2892,221.0
2893,149.0
2894,198.0
2895,137.0
2896,197.0
2897,104.0
2898,207.0
2899,142.0
2900,230.0
2901,161.0
2902,187.0
2903,209.0
2904,216.0
2905,190.0
2906,196.0
2907,177.0
2908,105.0
2909,203.0
2910,174.0
2911,217.0
2912,202.0
2913,224.0
2914,185.0
2915,173.0
2916,219.0
2917,213.0
2918,204.0
2919,180.0
2920,200.0
2921,203.0
2922,104.0
2923,201.0
2924,149.0
2925,202.0
2926,247.0
2927,178.0
2928,210.0
2929,144.0
2930,197.0
2931,222.0
2932,173.0
2933,195.0
2934,239.0
2935,118.0
2936,205.0
2937,210.0
2938,211.0
2939,203.0
2940,186.0
2941,208.0
2942,199.0
2943,175.0
2944,79.0
2945,151.0
2946,191.0
2947,189.0
2948,188.0
2949,213.0
2950,148.0
2951,188.0
2952,183.0
2953,164.0
2954,167.0
2955,184.0
2956,156.0
2957,198.0
2958,211.0
2959,208.0
2960,183.0
2961,206.0
2962,192.0
2963,214.0
2964,219.0
2965,210.0
2966,165.0
2967,134.0
2968,170.0
2969,200.0
2970,177.0
2971,142.0
2972,176.0
2973,210.0
2974,187.0
2975,187.0
2976,148.0
2977,194.0
2978,218.0
2979,171.0
2980,149.0
2981,220.0
2982,154.0
2983,168.0
2984,147.0
2985,180.0
2986,204.0
2987,201.0
2988,224.0
2989,219.0
2990,201.0
2991,208.0
2992,227.0
2993,160.0
2994,222.0
2995,176.0
2996,224.0
2997,112.0
2998,186.0
2999,175.0
3000,176.0
3001,174.0
3002,214.0
3003,124.0
3004,196.0
3005,78.0
3006,132.0
3007,202.0
3008,169.0
3009,241.0
3010,181.0
3011,204.0
3012,217.0
3013,186.0
3014,216.0
3015,237.0
3016,177.0
3017,181.0
3018,173.0
3019,189.0
3020,185.0
3021,206.0
3022,238.0
3023,193.0
3024,202.0
3025,223.0
3026,190.0
3027,188.0
3028,234.0
3029,106.0
3030,205.0
3031,202.0
3032,211.0
3033,195.0
3034,93.0
3035,163.0
3036,210.0
3037,204.0
3038,211.0
3039,238.0
3040,189.0
3041,124.0
3042,204.0
3043,192.0
3044,180.0
3045,173.0
3046,162.0
3047,147.0
3048,142.0
3049,167.0
3050,152.0
3051,214.0
3052,184.0
3053,165.0
3054,214.0
3055,175.0
3056,196.0
3057,189.0
3058,196.0
3059,202.0
3060,139.0
3061,219.0
3062,179.0
3063,181.0
3064,142.0
3065,230.0
3066,228.0
3067,235.0
3068,169.0
3069,183.0
3070,228.0
3071,159.0
3072,230.0
3073,155.0
3074,247.0
3075,135.0
3076,159.0
3077,182.0
3078,241.0
3079,200.0
3080,166.0
3081,189.0
3082,187.0
3083,234.0
3084,225.0
3085,218.0
3086,191.0
3087,166.0
3088,186.0
3089,187.0
3090,170.0
3091,195.0
3092,186.0
3093,198.0
3094,123.0
3095,206.0
3096,142.0
3097,109.0
3098,163.0
3099,209.0
3100,140.0
3101,125.0
3102,163.0
3103,190.0
3104,204.0
3105,227.0
3106,180.0
3107,188.0
3108,215.0
3109,185.0
3110,145.0
3111,174.0
3112,227.0
3113,193.0
3114,159.0
3115,167.0
3116,197.0
3117,191.0
3118,227.0
3119,151.0
3120,200.0
3121,176.0
3122,173.0
3123,117.0
3124,186.0
3125,192.0
3126,211.0
3127,181.0
3128,205.0
3129,176.0
3130,236.0
3131,205.0
3132,231.0
3133,190.0
3134,186.0
3135,146.0
3136,205.0
3137,188.0
3138,194.0
3139,196.0
3140,187.0
3141,220.0
3142,232.0
3143,198.0
3144,192.0
3145,179.0
3146,172.0
3147,165.0
3148,189.0
3149,217.0
3150,204.0
3151,210.0
3152,189.0
3153,200.0
3154,186.0
3155,173.0
3156,251.0
3157,218.0
3158,223.0
3159,227.0
3160,182.0
3161,188.0
3162,159.0
3163,177.0
3164,218.0
3165,207.0
3166,214.0
3167,190.0
3168,214.0
3169,143.0
3170,184.0
3171,200.0
3172,209.0
3173,207.0
3174,175.0
3175,203.0
3176,213.0
3177,244.0
3178,199.0
3179,186.0
3180,203.0
3181,217.0
3182,189.0
3183,219.0
3184,157.0
3185,223.0
3186,164.0
3187,189.0
3188,192.0
3189,108.0
3190,156.0
3191,259.0
3192,192.0
3193,216.0
3194,178.0
3195,196.0
3196,192.0
3197,152.0
3198,179.0
3199,113.0
3200,232.0
3201,226.0
3202,201.0
3203,202.0
3204,211.0
3205,227.0
3206,203.0
3207,208.0
3208,131.0
3209,200.0
3210,160.0
3211,171.0
3212,61.0
3213,199.0
3214,169.0
3215,189.0
3216,171.0
3217,204.0
3218,123.0
3219,234.0
3220,193.0
3221,199.0
3222,173.0
3223,181.0
3224,185.0
3225,181.0
3226,214.0
3227,189.0
3228,198.0
3229,203.0
3230,192.0
3231,125.0
3232,135.0
3233,188.0
3234,179.0
3235,185.0
3236,171.0
3237,144.0
3238,228.0
3239,231.0
3240,198.0
3241,165.0
3242,211.0
3243,193.0
3244,186.0
3245,169.0
3246,185.0
3247,181.0
3248,222.0
3249,189.0
3250,178.0
3251,206.0
3252,218.0
3253,165.0
3254,191.0
3255,212.0
3256,203.0
3257,167.0
3258,190.0
3259,233.0
3260,222.0
3261,122.0
3262,179.0
3263,169.0
3264,192.0
3265,226.0
3266,171.0
3267,227.0
3268,241.0
3269,184.0
3270,215.0
3271,154.0
3272,204.0
3273,133.0
3274,202.0
3275,170.0
3276,184.0
3277,178.0
3278,209.0
3279,182.0
3280,197.0
3281,183.0
3282,180.0
3283,195.0
3284,188.0
3285,177.0
3286,185.0
3287,199.0
3288,196.0
3289,194.0
3290,224.0
3291,181.0
3292,186.0
3293,198.0
3294,180.0
3295,156.0
3296,224.0
3297,152.0
3298,172.0
3299,157.0
3300,187.0
3301,179.0
3302,183.0
3303,229.0
3304,175.0
3305,218.0
3306,189.0
3307,215.0
3308,205.0
3309,168.0
3310,195.0
3311,147.0
3312,170.0
3313,227.0
3314,117.0
3315,213.0
3316,147.0
3317,218.0
3318,128.0
3319,193.0
3320,173.0
3321,178.0
3322,185.0
3323,192.0
3324,184.0
3325,155.0
3326,212.0
3327,175.0
3328,146.0
3329,207.0
3330,169.0
3331,202.0
3332,125.0
3333,235.0
3334,233.0
3335,197.0
3336,240.0
3337,115.0
3338,201.0
3339,189.0
3340,155.0
3341,146.0
3342,171.0
3343,225.0
3344,187.0
3345,155.0
3346,194.0
3347,208.0
3348,155.0
3349,203.0
3350,125.0
3351,148.0
3352,222.0
3353,204.0
3354,181.0
3355,152.0
3356,168.0
3357,177.0
3358,208.0
3359,212.0
3360,164.0
3361,171.0
3362,178.0
3363,180.0
3364,168.0
3365,204.0
3366,183.0
3367,215.0
3368,174.0
3369,187.0
3370,147.0
3371,200.0
3372,153.0
3373,182.0
3374,175.0
3375,224.0
3376,211.0
3377,173.0
3378,162.0
3379,194.0
3380,194.0
3381,146.0
3382,197.0
3383,201.0
3384,182.0
3385,205.0
3386,226.0
3387,190.0
3388,139.0
3389,171.0
3390,165.0
3391,172.0
3392,219.0
3393,172.0
3394,177.0
3395,196.0
3396,195.0
3397,173.0
3398,198.0
3399,175.0
3400,169.0
3401,176.0
3402,231.0
3403,223.0
3404,258.0
3405,179.0
3406,201.0
3407,206.0
3408,244.0
3409,193.0
3410,156.0
3411,167.0
3412,156.0
3413,142.0
3414,148.0
3415,239.0
3416,217.0
3417,185.0
3418,183.0
3419,183.0
3420,200.0
3421,163.0
3422,210.0
3423,126.0
3424,190.0
3425,203.0
3426,179.0
3427,163.0
3428,197.0
3429,245.0
3430,150.0
3431,199.0
3432,187.0
3433,194.0
3434,163.0
3435,200.0
3436,140.0
3437,242.0
3438,183.0
3439,159.0
3440,211.0
3441,152.0
3442,178.0
3443,139.0
3444,158.0
3445,181.0
3446,192.0
3447,177.0
3448,202.0
3449,181.0
3450,202.0
3451,185.0
3452,171.0
3453,179.0
3454,172.0
3455,190.0
3456,178.0
3457,181.0
3458,205.0
3459,194.0
3460,221.0
3461,86.0
3462,172.0
3463,159.0
3464,192.0
3465,195.0
3466,197.0
3467,206.0
3468,197.0
3469,202.0
3470,169.0
3471,245.0
3472,199.0
3473,211.0
3474,201.0
3475,183.0
3476,198.0
3477,211.0
3478,141.0
3479,214.0
3480,199.0
3481,225.0
3482,229.0
3483,173.0
3484,201.0
3485,181.0
3486,174.0
3487,209.0
3488,196.0
3489,192.0
3490,189.0
3491,174.0
3492,205.0
3493,142.0
3494,206.0
3495,118.0
3496,176.0
3497,196.0
3498,165.0
3499,211.0
3500,194.0
3501,238.0
3502,194.0
3503,212.0
3504,77.0
3505,70.0
3506,155.0
3507,184.0
3508,191.0
3509,212.0
3510,211.0
3511,224.0
3512,184.0
3513,186.0
3514,232.0
3515,197.0
3516,182.0
3517,186.0
3518,202.0
3519,183.0
3520,232.0
3521,185.0
3522,149.0
3523,180.0
3524,214.0
3525,203.0
3526,202.0
3527,133.0
3528,145.0
3529,192.0
3530,231.0
3531,232.0
3532,198.0
3533,215.0
3534,199.0
3535,201.0
3536,187.0
3537,168.0
3538,203.0
3539,173.0
3540,182.0
3541,175.0
3542,180.0
3543,149.0
3544,209.0
3545,207.0
3546,177.0
3547,164.0
3548,167.0
3549,145.0
3550,143.0
3551,196.0
3552,176.0
3553,201.0
3554,204.0
3555,209.0
3556,163.0
3557,218.0
3558,179.0
3559,149.0
3560,211.0
3561,179.0
3562,109.0
3563,275.0
3564,219.0
3565,130.0
3566,186.0
3567,200.0
3568,167.0
3569,229.0
3570,248.0
3571,179.0
3572,151.0
3573,175.0
3574,145.0
3575,185.0
3576,206.0
3577,188.0
3578,213.0
3579,163.0
3580,84.0
3581,127.0
3582,179.0
3583,219.0
3584,205.0
3585,226.0
3586,233.0
3587,155.0
3588,222.0
3589,174.0
3590,195.0
3591,210.0
3592,179.0
3593,196.0
3594,178.0
3595,219.0
3596,203.0
3597,200.0
3598,174.0
3599,188.0
3600,131.0
3601,149.0
3602,210.0
3603,217.0
3604,204.0
3605,218.0
3606,215.0
3607,159.0
3608,143.0
3609,184.0
3610,153.0
3611,213.0
3612,188.0
3613,206.0
3614,141.0
3615,172.0
3616,163.0
3617,223.0
3618,176.0
3619,199.0
3620,233.0
3621,189.0
3622,196.0
3623,190.0
3624,192.0
3625,198.0
3626,193.0
3627,236.0
3628,198.0
3629,143.0
3630,162.0
3631,190.0
3632,203.0
3633,234.0
3634,184.0
3635,164.0
3636,178.0
3637,193.0
3638,217.0
3639,213.0
3640,215.0
3641,145.0
3642,192.0
3643,129.0
3644,151.0
3645,226.0
3646,178.0
3647,170.0
3648,160.0
3649,193.0
3650,192.0
3651,226.0
3652,194.0
3653,143.0
3654,165.0
3655,252.0
3656,161.0
3657,220.0
3658,176.0
3659,228.0
3660,224.0
3661,167.0
3662,243.0
3663,200.0
3664,170.0
3665,178.0
3666,195.0
3667,166.0
3668,214.0
3669,168.0
3670,205.0
3671,194.0
3672,142.0
3673,149.0
3674,155.0
3675,171.0
3676,136.0
3677,217.0
3678,218.0
3679,188.0
3680,186.0
3681,210.0
3682,247.0
3683,210.0
3684,235.0
3685,192.0
3686,215.0
3687,207.0
3688,174.0
3689,222.0
3690,174.0
3691,218.0
3692,178.0
3693,172.0
3694,204.0
3695,193.0
3696,201.0
3697,191.0
3698,170.0
3699,217.0
3700,133.0
3701,249.0
3702,222.0
3703,115.0
3704,185.0
3705,216.0
3706,180.0
3707,199.0
3708,186.0
3709,216.0
3710,206.0
3711,184.0
3712,205.0
3713,203.0
3714,238.0
3715,184.0
3716,178.0
3717,160.0
3718,240.0
3719,201.0
3720,177.0
3721,212.0
3722,159.0
3723,184.0
3724,224.0
3725,186.0
3726,202.0
3727,175.0
3728,216.0
3729,180.0
3730,171.0
3731,221.0
3732,189.0
3733,171.0
3734,208.0
3735,154.0
3736,208.0
3737,183.0
3738,224.0
3739,161.0
3740,209.0
3741,237.0
3742,220.0
3743,177.0
3744,158.0
3745,170.0
3746,234.0
3747,188.0
3748,161.0
3749,212.0
3750,153.0
3751,177.0
3752,203.0
3753,150.0
3754,198.0
3755,230.0
3756,188.0
3757,189.0
3758,180.0
3759,170.0
3760,158.0
3761,213.0
3762,204.0
3763,207.0
3764,178.0
3765,174.0
3766,195.0
3767,104.0
3768,184.0
3769,166.0
3770,168.0
3771,202.0
3772,182.0
3773,215.0
3774,205.0
3775,195.0
3776,179.0
3777,164.0
3778,163.0
3779,183.0
3780,222.0
3781,186.0
3782,180.0
3783,176.0
3784,202.0
3785,163.0
3786,188.0
3787,181.0
3788,227.0
3789,106.0
3790,194.0
3791,140.0
3792,177.0
3793,213.0
3794,181.0
3795,183.0
3796,159.0
3797,183.0
3798,184.0
3799,111.0
3800,202.0
3801,142.0
3802,193.0
3803,197.0
3804,201.0
3805,211.0
3806,199.0
3807,194.0
3808,165.0
3809,194.0
3810,195.0
3811,172.0
3812,161.0
3813,206.0
3814,197.0
3815,200.0
3816,201.0
3817,220.0
3818,173.0
3819,224.0
3820,190.0
3821,218.0
3822,230.0
3823,220.0
3824,183.0
3825,184.0
3826,133.0
3827,165.0
3828,204.0
3829,182.0
3830,207.0
3831,145.0
3832,231.0
3833,166.0
3834,192.0
3835,219.0
3836,149.0
3837,161.0
3838,169.0
3839,229.0
3840,75.0
3841,160.0
3842,208.0
3843,249.0
3844,204.0
3845,208.0
3846,222.0
3847,180.0
3848,132.0
3849,160.0
3850,185.0
3851,215.0
3852,171.0
3853,141.0
3854,210.0
3855,197.0
3856,141.0
3857,167.0
3858,192.0
3859,211.0
3860,149.0
3861,201.0
3862,234.0
3863,165.0
3864,201.0
3865,245.0
3866,190.0
3867,174.0
3868,146.0
3869,182.0
3870,207.0
3871,188.0
3872,194.0
3873,182.0
3874,226.0
3875,172.0
3876,190.0
3877,192.0
3878,226.0
3879,150.0
3880,193.0
3881,190.0
3882,132.0
3883,171.0
3884,186.0
3885,203.0
3886,200.0
3887,186.0
3888,165.0
3889,173.0
3890,154.0
3891,209.0
3892,170.0
3893,191.0
3894,180.0
3895,163.0
3896,224.0
3897,224.0
3898,141.0
3899,163.0
3900,210.0
3901,183.0
3902,136.0
3903,177.0
3904,226.0
3905,182.0
3906,185.0
3907,190.0
3908,230.0
3909,211.0
3910,203.0
3911,138.0
3912,211.0
3913,213.0
3914,165.0
3915,178.0
3916,179.0
3917,180.0
3918,190.0
3919,166.0
3920,137.0
3921,195.0
3922,198.0
3923,142.0
3924,173.0
3925,144.0
3926,170.0
3927,212.0
3928,107.0
3929,178.0
3930,237.0
3931,206.0
3932,206.0
3933,199.0
3934,176.0
3935,161.0
3936,232.0
3937,174.0
3938,187.0
3939,203.0
3940,147.0
3941,228.0
3942,178.0
3943,182.0
3944,229.0
3945,135.0
3946,189.0
3947,188.0
3948,215.0
3949,203.0
3950,176.0
3951,135.0
3952,241.0
3953,198.0
3954,173.0
3955,192.0
3956,217.0
3957,199.0
3958,226.0
3959,152.0
3960,247.0
3961,185.0
3962,228.0
3963,174.0
3964,236.0
3965,164.0
3966,192.0
3967,168.0
3968,159.0
3969,234.0
3970,185.0
3971,171.0
3972,129.0
3973,209.0
3974,136.0
3975,192.0
3976,162.0
3977,183.0
3978,167.0
3979,196.0
3980,155.0
3981,176.0
3982,237.0
3983,182.0
3984,171.0
3985,244.0
3986,180.0
3987,195.0
3988,123.0
3989,176.0
3990,202.0
3991,173.0
3992,191.0
3993,189.0
3994,228.0
3995,192.0
3996,170.0
3997,225.0
3998,172.0
3999,164.0
4000,152.0
4001,176.0
4002,180.0
4003,194.0
4004,242.0
4005,196.0
4006,196.0
4007,149.0
4008,187.0
4009,207.0
4010,199.0
4011,218.0
4012,215.0
4013,148.0
4014,184.0
4015,171.0
4016,202.0
4017,184.0
4018,179.0
4019,145.0
4020,204.0
4021,238.0
4022,212.0
4023,185.0
4024,232.0
4025,189.0
4026,203.0
4027,211.0
4028,141.0
4029,169.0
4030,172.0
4031,193.0
4032,210.0
4033,177.0
4034,237.0
4035,175.0
4036,162.0
4037,219.0
4038,95.0
4039,193.0
4040,201.0
4041,172.0
4042,200.0
4043,163.0
4044,184.0
4045,193.0
4046,150.0
4047,185.0
4048,203.0
4049,190.0
4050,186.0
4051,215.0
4052,152.0
4053,164.0
4054,200.0
4055,215.0
4056,172.0
4057,184.0
4058,223.0
4059,237.0
4060,228.0
4061,205.0
4062,202.0
4063,155.0
4064,209.0
4065,96.0
4066,183.0
4067,194.0
4068,183.0
4069,171.0
4070,203.0
4071,184.0
4072,219.0
4073,205.0
4074,161.0
4075,194.0
4076,173.0
4077,232.0
4078,155.0
4079,202.0
4080,193.0
4081,196.0
4082,158.0
4083,184.0
4084,221.0
4085,193.0
4086,215.0
4087,220.0
4088,220.0
4089,200.0
4090,211.0
4091,200.0
4092,171.0
4093,121.0
4094,201.0
4095,203.0
4096,174.0
4097,216.0
4098,190.0
4099,190.0
4100,197.0
4101,163.0
4102,165.0
4103,165.0
4104,197.0
4105,202.0
4106,184.0
4107,152.0
4108,157.0
4109,198.0
4110,81.0
4111,199.0
4112,187.0
4113,176.0
4114,176.0
4115,225.0
4116,184.0
4117,193.0
4118,202.0
4119,223.0
4120,202.0
4121,167.0
4122,165.0
4123,192.0
4124,169.0
4125,210.0
4126,194.0
4127,213.0
4128,203.0
4129,193.0
4130,243.0
4131,198.0
4132,137.0
4133,166.0
4134,237.0
4135,218.0
4136,174.0
4137,215.0
4138,206.0
4139,162.0
4140,239.0
4141,209.0
4142,148.0
4143,156.0
4144,186.0
4145,181.0
4146,207.0
4147,210.0
4148,208.0
4149,201.0
4150,224.0
4151,181.0
4152,202.0
4153,213.0
4154,158.0
4155,187.0
4156,161.0
4157,200.0
4158,173.0
4159,98.0
4160,188.0
4161,216.0
4162,182.0
4163,219.0
4164,241.0
4165,237.0
4166,181.0
4167,252.0
4168,181.0
4169,198.0
4170,202.0
4171,198.0
4172,173.0
4173,210.0
4174,218.0
4175,236.0
4176,195.0
4177,227.0
4178,166.0
4179,187.0
4180,211.0
4181,200.0
4182,140.0
4183,146.0
4184,208.0
4185,161.0
4186,191.0
4187,193.0
4188,143.0
4189,201.0
4190,234.0
4191,215.0
4192,240.0
4193,135.0
4194,168.0
4195,219.0
4196,206.0
4197,97.0
4198,156.0
4199,214.0
4200,239.0
4201,211.0
4202,214.0
4203,214.0
4204,208.0
4205,134.0
4206,216.0
4207,163.0
4208,207.0
4209,225.0
4210,194.0
4211,231.0
4212,212.0
4213,151.0
4214,209.0
4215,217.0
4216,179.0
4217,178.0
4218,216.0
4219,156.0
4220,155.0
4221,140.0
4222,228.0
4223,137.0
4224,205.0
4225,182.0
4226,190.0
4227,217.0
4228,225.0
4229,183.0
4230,171.0
4231,203.0
4232,193.0
4233,211.0
4234,205.0
4235,186.0
4236,159.0
4237,166.0
4238,181.0
4239,162.0
4240,221.0
4241,191.0
4242,175.0
4243,173.0
4244,199.0
4245,221.0
4246,127.0
4247,175.0
4248,183.0
4249,126.0
4250,189.0
4251,172.0
4252,209.0
4253,165.0
4254,198.0
4255,192.0
4256,196.0
4257,154.0
4258,166.0
4259,182.0
4260,149.0
4261,202.0
4262,192.0
4263,200.0
4264,192.0
4265,169.0
4266,219.0
4267,185.0
4268,191.0
4269,200.0
4270,203.0
4271,192.0
4272,219.0
4273,181.0
4274,129.0
4275,227.0
4276,185.0
4277,190.0
4278,207.0
4279,207.0
4280,210.0
4281,178.0
4282,223.0
4283,165.0
4284,203.0
4285,225.0
4286,221.0
4287,201.0
4288,233.0
4289,225.0
4290,207.0
4291,154.0
4292,169.0
4293,111.0
4294,206.0
4295,184.0
4296,207.0
4297,215.0
4298,155.0
4299,202.0
4300,142.0
4301,156.0
4302,241.0
4303,213.0
4304,192.0
4305,183.0
4306,232.0
4307,143.0
4308,174.0
4309,161.0
4310,223.0
4311,190.0
4312,200.0
4313,180.0
4314,228.0
4315,188.0
4316,183.0
4317,167.0
4318,174.0
4319,142.0
4320,175.0
4321,203.0
4322,211.0
4323,192.0
4324,175.0
4325,226.0
4326,199.0
4327,186.0
4328,196.0
4329,194.0
4330,242.0
4331,198.0
4332,142.0
4333,215.0
4334,148.0
4335,202.0
4336,190.0
4337,183.0
4338,223.0
4339,139.0
4340,186.0
4341,222.0
4342,202.0
4343,167.0
4344,240.0
4345,175.0
4346,194.0
4347,207.0
4348,195.0
4349,137.0
4350,154.0
4351,186.0
4352,219.0
4353,195.0
4354,219.0
4355,215.0
4356,172.0
4357,199.0
4358,168.0
4359,175.0
4360,202.0
4361,201.0
4362,177.0
4363,195.0
4364,162.0
4365,149.0
4366,163.0
4367,207.0
4368,182.0
4369,186.0
4370,202.0
4371,215.0
4372,156.0
4373,184.0
4374,159.0
4375,156.0
4376,234.0
4377,193.0
4378,192.0
4379,199.0
4380,197.0
4381,198.0
4382,179.0
4383,214.0
4384,223.0
4385,174.0
4386,181.0
4387,213.0
4388,196.0
4389,199.0
4390,184.0
4391,185.0
4392,127.0
4393,177.0
4394,196.0
4395,167.0
4396,215.0
4397,158.0
4398,174.0
4399,147.0
4400,195.0
4401,181.0
4402,222.0
4403,216.0
4404,201.0
4405,193.0
4406,231.0
4407,123.0
4408,173.0
4409,229.0
4410,183.0
4411,216.0
4412,216.0
4413,191.0
4414,216.0
4415,195.0
4416,141.0
4417,186.0
4418,172.0
4419,210.0
4420,218.0
4421,181.0
4422,186.0
4423,179.0
4424,196.0
4425,203.0
4426,143.0
4427,203.0
4428,165.0
4429,200.0
4430,179.0
4431,213.0
4432,205.0
4433,209.0
4434,178.0
4435,172.0
4436,166.0
4437,164.0
4438,228.0
4439,210.0
4440,161.0
4441,215.0
4442,184.0
4443,219.0
4444,175.0
4445,175.0
4446,198.0
4447,213.0
4448,239.0
4449,189.0
4450,182.0
4451,177.0
4452,162.0
4453,233.0
4454,181.0
4455,172.0
4456,123.0
4457,195.0
4458,204.0
4459,170.0
4460,204.0
4461,129.0
4462,218.0
4463,194.0
4464,180.0
4465,162.0
4466,146.0
4467,149.0
4468,175.0
4469,199.0
4470,162.0
4471,192.0
4472,189.0
4473,206.0
4474,167.0
4475,186.0
4476,215.0
4477,207.0
4478,185.0
4479,183.0
4480,87.0
4481,191.0
4482,186.0
4483,184.0
4484,194.0
4485,146.0
4486,159.0
4487,220.0
4488,203.0
4489,186.0
4490,217.0
4491,225.0
4492,212.0
4493,208.0
4494,181.0
4495,230.0
4496,189.0
4497,202.0
4498,198.0
4499,205.0
4500,64.0
4501,185.0
4502,175.0
4503,119.0
4504,184.0
4505,162.0
4506,195.0
4507,206.0
4508,174.0
4509,218.0
4510,216.0
4511,147.0
4512,214.0
4513,168.0
4514,174.0
4515,162.0
4516,178.0
4517,187.0
4518,140.0
4519,156.0
4520,163.0
4521,165.0
4522,217.0
4523,220.0
4524,181.0
4525,177.0
4526,194.0
4527,152.0
4528,190.0
4529,157.0
4530,231.0
4531,188.0
4532,216.0
4533,208.0
4534,221.0
4535,163.0
4536,126.0
4537,216.0
4538,192.0
4539,245.0
4540,90.0
4541,213.0
4542,227.0
4543,165.0
4544,183.0
4545,169.0
4546,150.0
4547,188.0
4548,183.0
4549,173.0
4550,210.0
4551,147.0
4552,208.0
4553,187.0
4554,227.0
4555,184.0
4556,198.0
4557,198.0
4558,154.0
4559,166.0
4560,191.0
4561,220.0
4562,175.0
4563,223.0
4564,187.0
4565,90.0
4566,122.0
4567,181.0
4568,144.0
4569,154.0
4570,180.0
4571,200.0
4572,133.0
4573,245.0
4574,191.0
4575,195.0
4576,135.0
4577,219.0
4578,145.0
4579,217.0
4580,153.0
4581,170.0
4582,205.0
4583,153.0
4584,216.0
4585,195.0
4586,206.0
4587,164.0
4588,113.0
4589,154.0
4590,195.0
4591,199.0
4592,212.0
4593,218.0
4594,210.0
4595,178.0
4596,152.0
4597,181.0
4598,146.0
4599,157.0
4600,224.0
4601,222.0
4602,196.0
4603,195.0
4604,167.0
4605,191.0
4606,187.0
4607,199.0
4608,207.0
4609,203.0
4610,233.0
4611,205.0
4612,201.0
4613,151.0
4614,200.0
4615,184.0
4616,190.0
4617,222.0
4618,183.0
4619,132.0
4620,183.0
4621,169.0
4622,197.0
4623,210.0
4624,231.0
4625,224.0
4626,193.0
4627,215.0
4628,183.0
4629,170.0
4630,194.0
4631,201.0
4632,241.0
4633,212.0
4634,190.0
4635,193.0
4636,191.0
4637,163.0
4638,158.0
4639,178.0
4640,186.0
4641,150.0
4642,178.0
4643,231.0
4644,120.0
4645,180.0
4646,217.0
4647,151.0
4648,214.0
4649,79.0
4650,171.0
4651,153.0
4652,204.0
4653,163.0
4654,215.0
4655,140.0
4656,192.0
4657,192.0
4658,225.0
4659,127.0
4660,206.0
4661,167.0
4662,159.0
4663,176.0
4664,205.0
4665,160.0
4666,180.0
4667,243.0
4668,200.0
4669,170.0
4670,160.0
4671,159.0
4672,192.0
4673,186.0
4674,97.0
4675,173.0
4676,196.0
4677,226.0
4678,184.0
4679,138.0
4680,177.0
4681,183.0
4682,219.0
4683,189.0
4684,193.0
4685,233.0
4686,165.0
4687,150.0
4688,205.0
4689,114.0
4690,196.0
4691,242.0
4692,221.0
4693,210.0
4694,192.0
4695,205.0
4696,169.0
4697,192.0
4698,164.0
4699,206.0
4700,173.0
4701,231.0
4702,205.0
4703,211.0
4704,205.0
4705,196.0
4706,203.0
4707,202.0
4708,221.0
4709,191.0
4710,231.0
4711,149.0
4712,196.0
4713,197.0
4714,199.0
4715,195.0
4716,229.0
4717,209.0
4718,144.0
4719,128.0
4720,190.0
4721,204.0
4722,181.0
4723,155.0
4724,218.0
4725,136.0
4726,213.0
4727,204.0
4728,187.0
4729,190.0
4730,139.0
4731,212.0
4732,215.0
4733,203.0
4734,232.0
4735,161.0
4736,157.0
4737,190.0
4738,176.0
4739,195.0
4740,223.0
4741,192.0
4742,222.0
4743,187.0
4744,188.0
4745,227.0
4746,165.0
4747,172.0
4748,182.0
4749,193.0
4750,218.0
4751,176.0
4752,186.0
4753,186.0
4754,210.0
4755,218.0
4756,218.0
4757,212.0
4758,201.0
4759,212.0
4760,197.0
4761,220.0
4762,202.0
4763,177.0
4764,198.0
4765,232.0
4766,216.0
4767,217.0
4768,164.0
4769,191.0
4770,189.0
4771,177.0
4772,205.0
4773,202.0
4774,134.0
4775,196.0
4776,210.0
4777,189.0
4778,183.0
4779,173.0
4780,187.0
4781,201.0
4782,122.0
4783,136.0
4784,167.0
4785,198.0
4786,196.0
4787,215.0
4788,198.0
4789,186.0
4790,160.0
4791,182.0
4792,194.0
4793,209.0
4794,192.0
4795,172.0
4796,171.0
4797,188.0
4798,205.0
4799,168.0
4800,181.0
4801,127.0
4802,83.0
4803,177.0
4804,206.0
4805,164.0
4806,200.0
4807,185.0
4808,198.0
4809,187.0
4810,169.0
4811,139.0
4812,183.0
4813,191.0
4814,157.0
4815,211.0
4816,242.0
4817,204.0
4818,113.0
4819,233.0
4820,197.0
4821,196.0
4822,198.0
4823,197.0
4824,186.0
4825,134.0
4826,202.0
4827,200.0
4828,183.0
4829,167.0
4830,203.0
4831,210.0
4832,208.0
4833,203.0
4834,157.0
4835,175.0
4836,212.0
4837,195.0
4838,205.0
4839,175.0
4840,214.0
4841,167.0
4842,91.0
4843,167.0
4844,210.0
4845,179.0
4846,195.0
4847,212.0
4848,158.0
4849,187.0
4850,185.0
4851,169.0
4852,191.0
4853,149.0
4854,180.0
4855,183.0
4856,180.0
4857,177.0
4858,136.0
4859,204.0
4860,210.0
4861,153.0
4862,210.0
4863,210.0
4864,227.0
4865,182.0
4866,140.0
4867,170.0
4868,222.0
4869,215.0
4870,189.0
4871,240.0
4872,177.0
4873,113.0
4874,212.0
4875,189.0
4876,196.0
4877,201.0
4878,160.0
4879,156.0
4880,220.0
4881,206.0
4882,184.0
4883,198.0
4884,197.0
4885,191.0
4886,222.0
4887,178.0
4888,222.0
4889,138.0
4890,167.0
4891,174.0
4892,109.0
4893,231.0
4894,189.0
4895,162.0
4896,221.0
4897,170.0
4898,166.0
4899,172.0
4900,225.0
4901,181.0
4902,191.0
4903,201.0
4904,184.0
4905,221.0
4906,218.0
4907,184.0
4908,149.0
4909,194.0
4910,182.0
4911,165.0
4912,188.0
4913,204.0
4914,183.0
4915,151.0
4916,211.0
4917,213.0
4918,181.0
4919,189.0
4920,166.0
4921,193.0
4922,182.0
4923,182.0
4924,171.0
4925,181.0
4926,190.0
4927,216.0
4928,221.0
4929,133.0
4930,201.0
4931,133.0
4932,178.0
4933,181.0
4934,146.0
4935,206.0
4936,204.0
4937,236.0
4938,181.0
4939,193.0
4940,207.0
4941,175.0
4942,167.0
4943,226.0
4944,191.0
4945,173.0
4946,200.0
4947,193.0
4948,233.0
4949,204.0
4950,186.0
4951,186.0
4952,136.0
4953,145.0
4954,142.0
4955,245.0
4956,201.0
4957,212.0
4958,200.0
4959,180.0
4960,222.0
4961,169.0
4962,202.0
4963,188.0
4964,207.0
4965,152.0
4966,176.0
4967,182.0
4968,195.0
4969,196.0
4970,170.0
4971,190.0
4972,210.0
4973,195.0
4974,241.0
4975,202.0
4976,166.0
4977,219.0
4978,189.0
4979,237.0
4980,195.0
4981,206.0
4982,200.0
4983,212.0
4984,240.0
4985,233.0
4986,211.0
4987,191.0
4988,221.0
4989,184.0
4990,162.0
4991,178.0
4992,203.0
4993,166.0
4994,178.0
4995,201.0
4996,200.0
4997,162.0
4998,193.0
4999,179.0
